ID,Group,Sex,Task_Order,L1,L1_Exp,L2_Exp,Prop_Gaze,Block,Phase,Task
5235,2,1,Aud,BASQUE,55.6,44.4,,1,Pre-switch,Auditory
5239,1,2,Aud,BASQUE,100,,0.949379583,1,Pre-switch,Auditory
5244,1,1,Aud,SPANISH  ,99.6,0.4,0.807870698,1,Pre-switch,Auditory
5257,2,1,Aud,BASQUE,51.1,48.9,,1,Pre-switch,Auditory
5269,2,2,Vis,BASQUE,51.8,48.2,0.903239706,1,Pre-switch,Auditory
5270,1,2,Vis,BASQUE,100,,0.843168621,1,Pre-switch,Auditory
5278,1,1,Vis,SPANISH,100,,1,1,Pre-switch,Auditory
5298,1,2,Aud,BASQUE,94.3,5.7,0.976003065,1,Pre-switch,Auditory
5300,1,1,Aud,SPANISH ,93.5,6.5,0.987676056,1,Pre-switch,Auditory
5303,2,2,Vis,SPANISH,64.4,35.6,1,1,Pre-switch,Auditory
5304,2,2,Vis,BASQUE,54,46,0.801612617,1,Pre-switch,Auditory
5309,1,1,Vis,BASQUE,99.7,0.3,0.912951496,1,Pre-switch,Auditory
5314,2,1,Vis,SPANISH,62.9,37.1,,1,Pre-switch,Auditory
5316,1,1,Vis,SPANISH,90.5,9.5,0.948611111,1,Pre-switch,Auditory
5317,1,2,Aud,SPANISH,100,,0.826463161,1,Pre-switch,Auditory
5322,2,1,Aud,SPANISH,51.8,48.2,0.644407895,1,Pre-switch,Auditory
5328,2,1,Aud,SPANISH,57.7,42.3,0.839125659,1,Pre-switch,Auditory
5331,1,2,Aud,BASQUE,91,9,0.465044743,1,Pre-switch,Auditory
5339,1,1,Vis,BASQUE,100,,0.853535354,1,Pre-switch,Auditory
5345,1,1,Vis,BASQUE,100,,0.950255102,1,Pre-switch,Auditory
5359,1,1,Vis,BASQUE,91.6,8.4,0.958256422,1,Pre-switch,Auditory
5360,2,2,Aud,BASQUE,51.5,48.5,0.832096475,1,Pre-switch,Auditory
5365,2,1,Aud,SPANISH,68.7,31.3,1,1,Pre-switch,Auditory
5369,1,1,Vis,BASQUE,100,,1,1,Pre-switch,Auditory
5371,1,2,Aud,BASQUE,99.1,0.9,1,1,Pre-switch,Auditory
5372,1,2,Aud,BASQUE,99.3,0.7,0.689086294,1,Pre-switch,Auditory
5373,1,1,Vis,SPANISH,98.2,1.8,0.772993089,1,Pre-switch,Auditory
5376,1,1,Aud,BASQUE,95.7,4.3,0.872053872,1,Pre-switch,Auditory
5381,1,1,Vis,BASQUE,97.5,2.5,0.921717172,1,Pre-switch,Auditory
5387,1,1,Aud,SPANISH,97,3,0.878835271,1,Pre-switch,Auditory
5390,2,2,Aud,BASQUE,60.4,39.6,0.965206186,1,Pre-switch,Auditory
5401,2,1,Aud,BASQUE,62,38,0.878125,1,Pre-switch,Auditory
5406,2,2,Vis,SPANISH,67.7,32.3,0.926896516,1,Pre-switch,Auditory
5409,2,2,Aud,SPANISH,52,48,0.931458512,1,Pre-switch,Auditory
5410,1,1,Aud,BASQUE,97.6,2.4,0.946078431,1,Pre-switch,Auditory
5411,1,1,Vis,BASQUE,90.2,9.8,0.945945946,1,Pre-switch,Auditory
5413,2,2,Vis,SPANISH,74.7,25.3,0.864105128,1,Pre-switch,Auditory
5416,1,1,Vis,BASQUE ,97.7,2.3,0.871237526,1,Pre-switch,Auditory
5420,1,1,Aud,SPANISH,,,0.723061537,1,Pre-switch,Auditory
5421,1,1,Vis,BASQUE,96,4,0.948979592,1,Pre-switch,Auditory
5422,1,2,Aud,SPANISH,96.8,3.2,1,1,Pre-switch,Auditory
5425,1,2,Vis,SPANISH,100,,0.799535483,1,Pre-switch,Auditory
5430,1,1,Aud,BASQUE,100,,0.703364424,1,Pre-switch,Auditory
5444,2,2,Aud,BASQUE,55.4,44.6,0.996192893,1,Pre-switch,Auditory
5447,2,2,Vis,BASQUE,51.6,48.4,0.84979234,1,Pre-switch,Auditory
5523,1,2,Vis,SPANISH,100,,0.90984258,1,Pre-switch,Auditory
5527,2,2,Aud,SPANISH,63.5,36.5,0.918345149,1,Pre-switch,Auditory
5532,1,1,Vis,BASQUE,96.7,3.3,0.940451469,1,Pre-switch,Auditory
5533,2,2,Vis,SPANISH,68.2,31.8,1,1,Pre-switch,Auditory
5536,1,1,Aud,SPANISH,100,,0.890771396,1,Pre-switch,Auditory
5539,1,1,Aud,SPANISH,100,,0.540118925,1,Pre-switch,Auditory
5541,1,1,Aud,BASQUE ,90.2,9.8,0.858585859,1,Pre-switch,Auditory
5542,2,2,Vis,BASQUE ,55.7,44.3,0.868686869,1,Pre-switch,Auditory
5553,2,2,Aud,SPANISH,63.9,36.1,0.939087389,1,Pre-switch,Auditory
5555,2,2,Vis,BASQUE,66.2,33.8,,1,Pre-switch,Auditory
5563,2,2,Aud,SPANISH,51.1,48.9,0.946212121,1,Pre-switch,Auditory
5566,2,2,Vis,SPANISH,56.5,43.5,0.917973707,1,Pre-switch,Auditory
5571,2,1,Vis,SPANISH,71,29,0.964467005,1,Pre-switch,Auditory
5572,2,1,Aud,SPANISH,56.5,43.5,,1,Pre-switch,Auditory
5578,2,2,Aud,SPANISH,71.6,28.4,0.633333333,1,Pre-switch,Auditory
5587,1,2,Vis,SPANISH,96.5,3.5,0.947435897,1,Pre-switch,Auditory
5588,1,2,Aud,BASQUE,91,9,0.872474747,1,Pre-switch,Auditory
5592,1,1,Aud,SPANISH,96.2,3.8,0.304273504,1,Pre-switch,Auditory
5593,2,2,Aud,BASQUE,56.7,43.3,0.998704663,1,Pre-switch,Auditory
5596,2,2,Aud,SPANISH,57.5,42.5,0.893171713,1,Pre-switch,Auditory
5598,2,1,Aud,SPANISH ,74.3,25.7,0.981060606,1,Pre-switch,Auditory
5600,1,1,Aud,BASQUE,97.6,2.4,0.833329082,1,Pre-switch,Auditory
5604,1,2,Vis,BASQUE,100,,,1,Pre-switch,Auditory
5605,2,2,Vis,BASQUE ,50.4,49.6,0.868493445,1,Pre-switch,Auditory
5611,1,1,Vis,BASQUE,94.8,4.2,0.85022096,1,Pre-switch,Auditory
5620,2,1,Vis,SPANISH,73.3,26.7,0.886336336,1,Pre-switch,Auditory
5629,2,2,Vis,SPANISH,54.3,45.7,0.822617033,1,Pre-switch,Auditory
5563b,2,2,Aud,BASQUE,64.5,35.5,0.759040959,1,Pre-switch,Auditory
5235,2,1,Aud,BASQUE,55.6,44.4,,2,Pre-switch,Auditory
5239,1,2,Aud,BASQUE,100,,1,2,Pre-switch,Auditory
5244,1,1,Aud,SPANISH  ,99.6,0.4,0.936363636,2,Pre-switch,Auditory
5257,2,1,Aud,BASQUE,51.1,48.9,,2,Pre-switch,Auditory
5269,2,2,Vis,BASQUE,51.8,48.2,0.981481481,2,Pre-switch,Auditory
5270,1,2,Vis,BASQUE,100,,0.786679827,2,Pre-switch,Auditory
5278,1,1,Vis,SPANISH,100,,0.75,2,Pre-switch,Auditory
5298,1,2,Aud,BASQUE,94.3,5.7,0.98625123,2,Pre-switch,Auditory
5300,1,1,Aud,SPANISH ,93.5,6.5,0.908396947,2,Pre-switch,Auditory
5303,2,2,Vis,SPANISH,64.4,35.6,0.987804878,2,Pre-switch,Auditory
5304,2,2,Vis,BASQUE,54,46,0,2,Pre-switch,Auditory
5309,1,1,Vis,BASQUE,99.7,0.3,0.781793657,2,Pre-switch,Auditory
5314,2,1,Vis,SPANISH,62.9,37.1,,2,Pre-switch,Auditory
5316,1,1,Vis,SPANISH,90.5,9.5,0.949494949,2,Pre-switch,Auditory
5317,1,2,Aud,SPANISH,100,,0.970268725,2,Pre-switch,Auditory
5322,2,1,Aud,SPANISH,51.8,48.2,0.532258065,2,Pre-switch,Auditory
5328,2,1,Aud,SPANISH,57.7,42.3,0.987828283,2,Pre-switch,Auditory
5331,1,2,Aud,BASQUE,91,9,,2,Pre-switch,Auditory
5339,1,1,Vis,BASQUE,100,,0.923992835,2,Pre-switch,Auditory
5345,1,1,Vis,BASQUE,100,,0.931402662,2,Pre-switch,Auditory
5359,1,1,Vis,BASQUE,91.6,8.4,1,2,Pre-switch,Auditory
5360,2,2,Aud,BASQUE,51.5,48.5,,2,Pre-switch,Auditory
5365,2,1,Aud,SPANISH,68.7,31.3,0.878472222,2,Pre-switch,Auditory
5369,1,1,Vis,BASQUE,100,,1,2,Pre-switch,Auditory
5371,1,2,Aud,BASQUE,99.1,0.9,0.973404255,2,Pre-switch,Auditory
5372,1,2,Aud,BASQUE,99.3,0.7,1,2,Pre-switch,Auditory
5373,1,1,Vis,SPANISH,98.2,1.8,0.810595046,2,Pre-switch,Auditory
5376,1,1,Aud,BASQUE,95.7,4.3,1,2,Pre-switch,Auditory
5381,1,1,Vis,BASQUE,97.5,2.5,0.940656566,2,Pre-switch,Auditory
5387,1,1,Aud,SPANISH,97,3,0.726394602,2,Pre-switch,Auditory
5390,2,2,Aud,BASQUE,60.4,39.6,0.978535354,2,Pre-switch,Auditory
5401,2,1,Aud,BASQUE,62,38,0.94379845,2,Pre-switch,Auditory
5406,2,2,Vis,SPANISH,67.7,32.3,0.957317073,2,Pre-switch,Auditory
5409,2,2,Aud,SPANISH,52,48,1,2,Pre-switch,Auditory
5410,1,1,Aud,BASQUE,97.6,2.4,1,2,Pre-switch,Auditory
5411,1,1,Vis,BASQUE,90.2,9.8,0.828777525,2,Pre-switch,Auditory
5413,2,2,Vis,SPANISH,74.7,25.3,0.900234931,2,Pre-switch,Auditory
5416,1,1,Vis,BASQUE ,97.7,2.3,0.921544934,2,Pre-switch,Auditory
5420,1,1,Aud,SPANISH,,,0.72149619,2,Pre-switch,Auditory
5421,1,1,Vis,BASQUE,96,4,1,2,Pre-switch,Auditory
5422,1,2,Aud,SPANISH,96.8,3.2,1,2,Pre-switch,Auditory
5425,1,2,Vis,SPANISH,100,,0.871814907,2,Pre-switch,Auditory
5430,1,1,Aud,BASQUE,100,,0.855061983,2,Pre-switch,Auditory
5444,2,2,Aud,BASQUE,55.4,44.6,1,2,Pre-switch,Auditory
5447,2,2,Vis,BASQUE,51.6,48.4,0.873443142,2,Pre-switch,Auditory
5523,1,2,Vis,SPANISH,100,,1,2,Pre-switch,Auditory
5527,2,2,Aud,SPANISH,63.5,36.5,0.942599068,2,Pre-switch,Auditory
5532,1,1,Vis,BASQUE,96.7,3.3,0.891663413,2,Pre-switch,Auditory
5533,2,2,Vis,SPANISH,68.2,31.8,0.929378531,2,Pre-switch,Auditory
5536,1,1,Aud,SPANISH,100,,0.934739973,2,Pre-switch,Auditory
5539,1,1,Aud,SPANISH,100,,0.963383838,2,Pre-switch,Auditory
5541,1,1,Aud,BASQUE ,90.2,9.8,1,2,Pre-switch,Auditory
5542,2,2,Vis,BASQUE ,55.7,44.3,0.900778485,2,Pre-switch,Auditory
5553,2,2,Aud,SPANISH,63.9,36.1,0.903276612,2,Pre-switch,Auditory
5555,2,2,Vis,BASQUE,66.2,33.8,,2,Pre-switch,Auditory
5563,2,2,Aud,SPANISH,51.1,48.9,0.95977237,2,Pre-switch,Auditory
5566,2,2,Vis,SPANISH,56.5,43.5,0.877846512,2,Pre-switch,Auditory
5571,2,1,Vis,SPANISH,71,29,0.970679012,2,Pre-switch,Auditory
5572,2,1,Aud,SPANISH,56.5,43.5,,2,Pre-switch,Auditory
5578,2,2,Aud,SPANISH,71.6,28.4,0.915229885,2,Pre-switch,Auditory
5587,1,2,Vis,SPANISH,96.5,3.5,0.870913214,2,Pre-switch,Auditory
5588,1,2,Aud,BASQUE,91,9,0.945255474,2,Pre-switch,Auditory
5592,1,1,Aud,SPANISH,96.2,3.8,0.337229437,2,Pre-switch,Auditory
5593,2,2,Aud,BASQUE,56.7,43.3,0.49512987,2,Pre-switch,Auditory
5596,2,2,Aud,SPANISH,57.5,42.5,0.824930771,2,Pre-switch,Auditory
5598,2,1,Aud,SPANISH ,74.3,25.7,0.503224795,2,Pre-switch,Auditory
5600,1,1,Aud,BASQUE,97.6,2.4,0.972361809,2,Pre-switch,Auditory
5604,1,2,Vis,BASQUE,100,,,2,Pre-switch,Auditory
5605,2,2,Vis,BASQUE ,50.4,49.6,1,2,Pre-switch,Auditory
5611,1,1,Vis,BASQUE,94.8,4.2,0.86184005,2,Pre-switch,Auditory
5620,2,1,Vis,SPANISH,73.3,26.7,0.97715736,2,Pre-switch,Auditory
5629,2,2,Vis,SPANISH,54.3,45.7,0.809613997,2,Pre-switch,Auditory
5563b,2,2,Aud,BASQUE,64.5,35.5,0.711111111,2,Pre-switch,Auditory
5235,2,1,Aud,BASQUE,55.6,44.4,,3,Pre-switch,Auditory
5239,1,2,Aud,BASQUE,100,,0.977011494,3,Pre-switch,Auditory
5244,1,1,Aud,SPANISH  ,99.6,0.4,0.900355036,3,Pre-switch,Auditory
5257,2,1,Aud,BASQUE,51.1,48.9,,3,Pre-switch,Auditory
5269,2,2,Vis,BASQUE,51.8,48.2,0.967309378,3,Pre-switch,Auditory
5270,1,2,Vis,BASQUE,100,,0.50144739,3,Pre-switch,Auditory
5278,1,1,Vis,SPANISH,100,,,3,Pre-switch,Auditory
5298,1,2,Aud,BASQUE,94.3,5.7,0.869909308,3,Pre-switch,Auditory
5300,1,1,Aud,SPANISH ,93.5,6.5,0.497435897,3,Pre-switch,Auditory
5303,2,2,Vis,SPANISH,64.4,35.6,1,3,Pre-switch,Auditory
5304,2,2,Vis,BASQUE,54,46,1,3,Pre-switch,Auditory
5309,1,1,Vis,BASQUE,99.7,0.3,0.707058253,3,Pre-switch,Auditory
5314,2,1,Vis,SPANISH,62.9,37.1,,3,Pre-switch,Auditory
5316,1,1,Vis,SPANISH,90.5,9.5,0.978197674,3,Pre-switch,Auditory
5317,1,2,Aud,SPANISH,100,,1,3,Pre-switch,Auditory
5322,2,1,Aud,SPANISH,51.8,48.2,0.662309368,3,Pre-switch,Auditory
5328,2,1,Aud,SPANISH,57.7,42.3,0.93974359,3,Pre-switch,Auditory
5331,1,2,Aud,BASQUE,91,9,0.868427128,3,Pre-switch,Auditory
5339,1,1,Vis,BASQUE,100,,1,3,Pre-switch,Auditory
5345,1,1,Vis,BASQUE,100,,1,3,Pre-switch,Auditory
5359,1,1,Vis,BASQUE,91.6,8.4,0.963888889,3,Pre-switch,Auditory
5360,2,2,Aud,BASQUE,51.5,48.5,1,3,Pre-switch,Auditory
5365,2,1,Aud,SPANISH,68.7,31.3,0.928241101,3,Pre-switch,Auditory
5369,1,1,Vis,BASQUE,100,,0.988095238,3,Pre-switch,Auditory
5371,1,2,Aud,BASQUE,99.1,0.9,0.880050505,3,Pre-switch,Auditory
5372,1,2,Aud,BASQUE,99.3,0.7,0.935606061,3,Pre-switch,Auditory
5373,1,1,Vis,SPANISH,98.2,1.8,0.849995107,3,Pre-switch,Auditory
5376,1,1,Aud,BASQUE,95.7,4.3,0.988888889,3,Pre-switch,Auditory
5381,1,1,Vis,BASQUE,97.5,2.5,0.992424242,3,Pre-switch,Auditory
5387,1,1,Aud,SPANISH,97,3,0.843343293,3,Pre-switch,Auditory
5390,2,2,Aud,BASQUE,60.4,39.6,0.994949495,3,Pre-switch,Auditory
5401,2,1,Aud,BASQUE,62,38,1,3,Pre-switch,Auditory
5406,2,2,Vis,SPANISH,67.7,32.3,0.83,3,Pre-switch,Auditory
5409,2,2,Aud,SPANISH,52,48,1,3,Pre-switch,Auditory
5410,1,1,Aud,BASQUE,97.6,2.4,1,3,Pre-switch,Auditory
5411,1,1,Vis,BASQUE,90.2,9.8,0.886109762,3,Pre-switch,Auditory
5413,2,2,Vis,SPANISH,74.7,25.3,0.921464696,3,Pre-switch,Auditory
5416,1,1,Vis,BASQUE ,97.7,2.3,0.969924812,3,Pre-switch,Auditory
5420,1,1,Aud,SPANISH,,,0.859835509,3,Pre-switch,Auditory
5421,1,1,Vis,BASQUE,96,4,0.916666667,3,Pre-switch,Auditory
5422,1,2,Aud,SPANISH,96.8,3.2,1,3,Pre-switch,Auditory
5425,1,2,Vis,SPANISH,100,,0.892832549,3,Pre-switch,Auditory
5430,1,1,Aud,BASQUE,100,,0.5,3,Pre-switch,Auditory
5444,2,2,Aud,BASQUE,55.4,44.6,1,3,Pre-switch,Auditory
5447,2,2,Vis,BASQUE,51.6,48.4,1,3,Pre-switch,Auditory
5523,1,2,Vis,SPANISH,100,,1,3,Pre-switch,Auditory
5527,2,2,Aud,SPANISH,63.5,36.5,0.935042735,3,Pre-switch,Auditory
5532,1,1,Vis,BASQUE,96.7,3.3,1,3,Pre-switch,Auditory
5533,2,2,Vis,SPANISH,68.2,31.8,0.958092486,3,Pre-switch,Auditory
5536,1,1,Aud,SPANISH,100,,0.930107503,3,Pre-switch,Auditory
5539,1,1,Aud,SPANISH,100,,0.901582426,3,Pre-switch,Auditory
5541,1,1,Aud,BASQUE ,90.2,9.8,0.5625,3,Pre-switch,Auditory
5542,2,2,Vis,BASQUE ,55.7,44.3,0.918814433,3,Pre-switch,Auditory
5553,2,2,Aud,SPANISH,63.9,36.1,0.870586114,3,Pre-switch,Auditory
5555,2,2,Vis,BASQUE,66.2,33.8,,3,Pre-switch,Auditory
5563,2,2,Aud,SPANISH,51.1,48.9,0.588303298,3,Pre-switch,Auditory
5566,2,2,Vis,SPANISH,56.5,43.5,0.96875,3,Pre-switch,Auditory
5571,2,1,Vis,SPANISH,71,29,1,3,Pre-switch,Auditory
5572,2,1,Aud,SPANISH,56.5,43.5,,3,Pre-switch,Auditory
5578,2,2,Aud,SPANISH,71.6,28.4,0.684210526,3,Pre-switch,Auditory
5587,1,2,Vis,SPANISH,96.5,3.5,0.904634779,3,Pre-switch,Auditory
5588,1,2,Aud,BASQUE,91,9,0.92764921,3,Pre-switch,Auditory
5592,1,1,Aud,SPANISH,96.2,3.8,0.941362051,3,Pre-switch,Auditory
5593,2,2,Aud,BASQUE,56.7,43.3,0.940898835,3,Pre-switch,Auditory
5596,2,2,Aud,SPANISH,57.5,42.5,0.784425989,3,Pre-switch,Auditory
5598,2,1,Aud,SPANISH ,74.3,25.7,0.929648241,3,Pre-switch,Auditory
5600,1,1,Aud,BASQUE,97.6,2.4,0.771929825,3,Pre-switch,Auditory
5604,1,2,Vis,BASQUE,100,,,3,Pre-switch,Auditory
5605,2,2,Vis,BASQUE ,50.4,49.6,1,3,Pre-switch,Auditory
5611,1,1,Vis,BASQUE,94.8,4.2,0.982323232,3,Pre-switch,Auditory
5620,2,1,Vis,SPANISH,73.3,26.7,1,3,Pre-switch,Auditory
5629,2,2,Vis,SPANISH,54.3,45.7,0.93359095,3,Pre-switch,Auditory
5563b,2,2,Aud,BASQUE,64.5,35.5,,3,Pre-switch,Auditory
5235,2,1,Aud,BASQUE,55.6,44.4,,1,Post-switch,Auditory
5239,1,2,Aud,BASQUE,100,,0.941919192,1,Post-switch,Auditory
5244,1,1,Aud,SPANISH  ,99.6,0.4,0.805952381,1,Post-switch,Auditory
5257,2,1,Aud,BASQUE,51.1,48.9,,1,Post-switch,Auditory
5269,2,2,Vis,BASQUE,51.8,48.2,1,1,Post-switch,Auditory
5270,1,2,Vis,BASQUE,100,,0.851798433,1,Post-switch,Auditory
5278,1,1,Vis,SPANISH,100,,0,1,Post-switch,Auditory
5298,1,2,Aud,BASQUE,94.3,5.7,1,1,Post-switch,Auditory
5300,1,1,Aud,SPANISH ,93.5,6.5,0.830265535,1,Post-switch,Auditory
5303,2,2,Vis,SPANISH,64.4,35.6,0.987650285,1,Post-switch,Auditory
5304,2,2,Vis,BASQUE,54,46,0.769230769,1,Post-switch,Auditory
5309,1,1,Vis,BASQUE,99.7,0.3,0.933725233,1,Post-switch,Auditory
5314,2,1,Vis,SPANISH,62.9,37.1,,1,Post-switch,Auditory
5316,1,1,Vis,SPANISH,90.5,9.5,0.919818064,1,Post-switch,Auditory
5317,1,2,Aud,SPANISH,100,,1,1,Post-switch,Auditory
5322,2,1,Aud,SPANISH,51.8,48.2,0.734704661,1,Post-switch,Auditory
5328,2,1,Aud,SPANISH,57.7,42.3,0.972222222,1,Post-switch,Auditory
5331,1,2,Aud,BASQUE,91,9,0.76404032,1,Post-switch,Auditory
5339,1,1,Vis,BASQUE,100,,0.907165812,1,Post-switch,Auditory
5345,1,1,Vis,BASQUE,100,,0.740538734,1,Post-switch,Auditory
5359,1,1,Vis,BASQUE,91.6,8.4,0.915356091,1,Post-switch,Auditory
5360,2,2,Aud,BASQUE,51.5,48.5,0.166666667,1,Post-switch,Auditory
5365,2,1,Aud,SPANISH,68.7,31.3,1,1,Post-switch,Auditory
5369,1,1,Vis,BASQUE,100,,0.648356702,1,Post-switch,Auditory
5371,1,2,Aud,BASQUE,99.1,0.9,0.916294458,1,Post-switch,Auditory
5372,1,2,Aud,BASQUE,99.3,0.7,0.653348236,1,Post-switch,Auditory
5373,1,1,Vis,SPANISH,98.2,1.8,0.764095359,1,Post-switch,Auditory
5376,1,1,Aud,BASQUE,95.7,4.3,0.549180328,1,Post-switch,Auditory
5381,1,1,Vis,BASQUE,97.5,2.5,0.893823238,1,Post-switch,Auditory
5387,1,1,Aud,SPANISH,97,3,0.784629627,1,Post-switch,Auditory
5390,2,2,Aud,BASQUE,60.4,39.6,0.655075555,1,Post-switch,Auditory
5401,2,1,Aud,BASQUE,62,38,0.763178191,1,Post-switch,Auditory
5406,2,2,Vis,SPANISH,67.7,32.3,0.807624668,1,Post-switch,Auditory
5409,2,2,Aud,SPANISH,52,48,0.66317293,1,Post-switch,Auditory
5410,1,1,Aud,BASQUE,97.6,2.4,0.688881069,1,Post-switch,Auditory
5411,1,1,Vis,BASQUE,90.2,9.8,1,1,Post-switch,Auditory
5413,2,2,Vis,SPANISH,74.7,25.3,0.881521948,1,Post-switch,Auditory
5416,1,1,Vis,BASQUE ,97.7,2.3,0.784413936,1,Post-switch,Auditory
5420,1,1,Aud,SPANISH,,,1,1,Post-switch,Auditory
5421,1,1,Vis,BASQUE,96,4,0.765588107,1,Post-switch,Auditory
5422,1,2,Aud,SPANISH,96.8,3.2,0.931818182,1,Post-switch,Auditory
5425,1,2,Vis,SPANISH,100,,0.549108278,1,Post-switch,Auditory
5430,1,1,Aud,BASQUE,100,,0.753647736,1,Post-switch,Auditory
5444,2,2,Aud,BASQUE,55.4,44.6,0.8929126,1,Post-switch,Auditory
5447,2,2,Vis,BASQUE,51.6,48.4,0.839863036,1,Post-switch,Auditory
5523,1,2,Vis,SPANISH,100,,0.55,1,Post-switch,Auditory
5527,2,2,Aud,SPANISH,63.5,36.5,0.854951141,1,Post-switch,Auditory
5532,1,1,Vis,BASQUE,96.7,3.3,0.75606618,1,Post-switch,Auditory
5533,2,2,Vis,SPANISH,68.2,31.8,0.717577612,1,Post-switch,Auditory
5536,1,1,Aud,SPANISH,100,,0.914529915,1,Post-switch,Auditory
5539,1,1,Aud,SPANISH,100,,0.7301893,1,Post-switch,Auditory
5541,1,1,Aud,BASQUE ,90.2,9.8,0.442270608,1,Post-switch,Auditory
5542,2,2,Vis,BASQUE ,55.7,44.3,0.654717276,1,Post-switch,Auditory
5553,2,2,Aud,SPANISH,63.9,36.1,0.921717172,1,Post-switch,Auditory
5555,2,2,Vis,BASQUE,66.2,33.8,,1,Post-switch,Auditory
5563,2,2,Aud,SPANISH,51.1,48.9,0.903205784,1,Post-switch,Auditory
5566,2,2,Vis,SPANISH,56.5,43.5,0.912407206,1,Post-switch,Auditory
5571,2,1,Vis,SPANISH,71,29,0.815161628,1,Post-switch,Auditory
5572,2,1,Aud,SPANISH,56.5,43.5,,1,Post-switch,Auditory
5578,2,2,Aud,SPANISH,71.6,28.4,0.907407407,1,Post-switch,Auditory
5587,1,2,Vis,SPANISH,96.5,3.5,0.929979948,1,Post-switch,Auditory
5588,1,2,Aud,BASQUE,91,9,0.781671615,1,Post-switch,Auditory
5592,1,1,Aud,SPANISH,96.2,3.8,0.319444444,1,Post-switch,Auditory
5593,2,2,Aud,BASQUE,56.7,43.3,0.933934326,1,Post-switch,Auditory
5596,2,2,Aud,SPANISH,57.5,42.5,0.787398374,1,Post-switch,Auditory
5598,2,1,Aud,SPANISH ,74.3,25.7,1,1,Post-switch,Auditory
5600,1,1,Aud,BASQUE,97.6,2.4,0.772463932,1,Post-switch,Auditory
5604,1,2,Vis,BASQUE,100,,,1,Post-switch,Auditory
5605,2,2,Vis,BASQUE ,50.4,49.6,0.852949717,1,Post-switch,Auditory
5611,1,1,Vis,BASQUE,94.8,4.2,0.747960594,1,Post-switch,Auditory
5620,2,1,Vis,SPANISH,73.3,26.7,0.617304965,1,Post-switch,Auditory
5629,2,2,Vis,SPANISH,54.3,45.7,0.863606708,1,Post-switch,Auditory
5563b,2,2,Aud,BASQUE,64.5,35.5,0.305194805,1,Post-switch,Auditory
5235,2,1,Aud,BASQUE,55.6,44.4,,2,Post-switch,Auditory
5239,1,2,Aud,BASQUE,100,,0.959635417,2,Post-switch,Auditory
5244,1,1,Aud,SPANISH  ,99.6,0.4,0.568527919,2,Post-switch,Auditory
5257,2,1,Aud,BASQUE,51.1,48.9,,2,Post-switch,Auditory
5269,2,2,Vis,BASQUE,51.8,48.2,0.876760563,2,Post-switch,Auditory
5270,1,2,Vis,BASQUE,100,,0.760812201,2,Post-switch,Auditory
5278,1,1,Vis,SPANISH,100,,0.488235294,2,Post-switch,Auditory
5298,1,2,Aud,BASQUE,94.3,5.7,0.589928058,2,Post-switch,Auditory
5300,1,1,Aud,SPANISH ,93.5,6.5,0.8589701,2,Post-switch,Auditory
5303,2,2,Vis,SPANISH,64.4,35.6,0.902737905,2,Post-switch,Auditory
5304,2,2,Vis,BASQUE,54,46,0.934343434,2,Post-switch,Auditory
5309,1,1,Vis,BASQUE,99.7,0.3,0.90625,2,Post-switch,Auditory
5314,2,1,Vis,SPANISH,62.9,37.1,,2,Post-switch,Auditory
5316,1,1,Vis,SPANISH,90.5,9.5,0.952564103,2,Post-switch,Auditory
5317,1,2,Aud,SPANISH,100,,0.416243655,2,Post-switch,Auditory
5322,2,1,Aud,SPANISH,51.8,48.2,0.829101613,2,Post-switch,Auditory
5328,2,1,Aud,SPANISH,57.7,42.3,0.789069264,2,Post-switch,Auditory
5331,1,2,Aud,BASQUE,91,9,0.834432234,2,Post-switch,Auditory
5339,1,1,Vis,BASQUE,100,,0.840912525,2,Post-switch,Auditory
5345,1,1,Vis,BASQUE,100,,0.534699628,2,Post-switch,Auditory
5359,1,1,Vis,BASQUE,91.6,8.4,0.787421615,2,Post-switch,Auditory
5360,2,2,Aud,BASQUE,51.5,48.5,0.22761194,2,Post-switch,Auditory
5365,2,1,Aud,SPANISH,68.7,31.3,0.840193486,2,Post-switch,Auditory
5369,1,1,Vis,BASQUE,100,,0.717290648,2,Post-switch,Auditory
5371,1,2,Aud,BASQUE,99.1,0.9,1,2,Post-switch,Auditory
5372,1,2,Aud,BASQUE,99.3,0.7,0.879336552,2,Post-switch,Auditory
5373,1,1,Vis,SPANISH,98.2,1.8,0.85474537,2,Post-switch,Auditory
5376,1,1,Aud,BASQUE,95.7,4.3,0.551518488,2,Post-switch,Auditory
5381,1,1,Vis,BASQUE,97.5,2.5,0.71647412,2,Post-switch,Auditory
5387,1,1,Aud,SPANISH,97,3,1,2,Post-switch,Auditory
5390,2,2,Aud,BASQUE,60.4,39.6,0.863136397,2,Post-switch,Auditory
5401,2,1,Aud,BASQUE,62,38,0.878498044,2,Post-switch,Auditory
5406,2,2,Vis,SPANISH,67.7,32.3,0.482669333,2,Post-switch,Auditory
5409,2,2,Aud,SPANISH,52,48,0.63502375,2,Post-switch,Auditory
5410,1,1,Aud,BASQUE,97.6,2.4,0.772288589,2,Post-switch,Auditory
5411,1,1,Vis,BASQUE,90.2,9.8,1,2,Post-switch,Auditory
5413,2,2,Vis,SPANISH,74.7,25.3,0.884423333,2,Post-switch,Auditory
5416,1,1,Vis,BASQUE ,97.7,2.3,0.840115753,2,Post-switch,Auditory
5420,1,1,Aud,SPANISH,,,0.848045113,2,Post-switch,Auditory
5421,1,1,Vis,BASQUE,96,4,0.581522799,2,Post-switch,Auditory
5422,1,2,Aud,SPANISH,96.8,3.2,1,2,Post-switch,Auditory
5425,1,2,Vis,SPANISH,100,,0.752450647,2,Post-switch,Auditory
5430,1,1,Aud,BASQUE,100,,0.864925012,2,Post-switch,Auditory
5444,2,2,Aud,BASQUE,55.4,44.6,0.759103641,2,Post-switch,Auditory
5447,2,2,Vis,BASQUE,51.6,48.4,0.934010152,2,Post-switch,Auditory
5523,1,2,Vis,SPANISH,100,,0.759120813,2,Post-switch,Auditory
5527,2,2,Aud,SPANISH,63.5,36.5,1,2,Post-switch,Auditory
5532,1,1,Vis,BASQUE,96.7,3.3,0.843043044,2,Post-switch,Auditory
5533,2,2,Vis,SPANISH,68.2,31.8,0.938600236,2,Post-switch,Auditory
5536,1,1,Aud,SPANISH,100,,0.846202107,2,Post-switch,Auditory
5539,1,1,Aud,SPANISH,100,,0.93707483,2,Post-switch,Auditory
5541,1,1,Aud,BASQUE ,90.2,9.8,0.8125,2,Post-switch,Auditory
5542,2,2,Vis,BASQUE ,55.7,44.3,0.808962267,2,Post-switch,Auditory
5553,2,2,Aud,SPANISH,63.9,36.1,0.9175,2,Post-switch,Auditory
5555,2,2,Vis,BASQUE,66.2,33.8,,2,Post-switch,Auditory
5563,2,2,Aud,SPANISH,51.1,48.9,1,2,Post-switch,Auditory
5566,2,2,Vis,SPANISH,56.5,43.5,0.887896825,2,Post-switch,Auditory
5571,2,1,Vis,SPANISH,71,29,0.849457799,2,Post-switch,Auditory
5572,2,1,Aud,SPANISH,56.5,43.5,,2,Post-switch,Auditory
5578,2,2,Aud,SPANISH,71.6,28.4,0.900673401,2,Post-switch,Auditory
5587,1,2,Vis,SPANISH,96.5,3.5,0.92253458,2,Post-switch,Auditory
5588,1,2,Aud,BASQUE,91,9,0.914634146,2,Post-switch,Auditory
5592,1,1,Aud,SPANISH,96.2,3.8,0.944587077,2,Post-switch,Auditory
5593,2,2,Aud,BASQUE,56.7,43.3,0.747230032,2,Post-switch,Auditory
5596,2,2,Aud,SPANISH,57.5,42.5,0.747212215,2,Post-switch,Auditory
5598,2,1,Aud,SPANISH ,74.3,25.7,0.95,2,Post-switch,Auditory
5600,1,1,Aud,BASQUE,97.6,2.4,0.899659864,2,Post-switch,Auditory
5604,1,2,Vis,BASQUE,100,,,2,Post-switch,Auditory
5605,2,2,Vis,BASQUE ,50.4,49.6,1,2,Post-switch,Auditory
5611,1,1,Vis,BASQUE,94.8,4.2,0.881180996,2,Post-switch,Auditory
5620,2,1,Vis,SPANISH,73.3,26.7,0.95890411,2,Post-switch,Auditory
5629,2,2,Vis,SPANISH,54.3,45.7,0.990397384,2,Post-switch,Auditory
5563b,2,2,Aud,BASQUE,64.5,35.5,0.884114583,2,Post-switch,Auditory
5235,2,1,Aud,BASQUE,55.6,44.4,,3,Post-switch,Auditory
5239,1,2,Aud,BASQUE,100,,1,3,Post-switch,Auditory
5244,1,1,Aud,SPANISH  ,99.6,0.4,1,3,Post-switch,Auditory
5257,2,1,Aud,BASQUE,51.1,48.9,,3,Post-switch,Auditory
5269,2,2,Vis,BASQUE,51.8,48.2,1,3,Post-switch,Auditory
5270,1,2,Vis,BASQUE,100,,0.689236592,3,Post-switch,Auditory
5278,1,1,Vis,SPANISH,100,,0.206896552,3,Post-switch,Auditory
5298,1,2,Aud,BASQUE,94.3,5.7,0.916666667,3,Post-switch,Auditory
5300,1,1,Aud,SPANISH ,93.5,6.5,1,3,Post-switch,Auditory
5303,2,2,Vis,SPANISH,64.4,35.6,1,3,Post-switch,Auditory
5304,2,2,Vis,BASQUE,54,46,1,3,Post-switch,Auditory
5309,1,1,Vis,BASQUE,99.7,0.3,0.974121516,3,Post-switch,Auditory
5314,2,1,Vis,SPANISH,62.9,37.1,,3,Post-switch,Auditory
5316,1,1,Vis,SPANISH,90.5,9.5,1,3,Post-switch,Auditory
5317,1,2,Aud,SPANISH,100,,0.837296037,3,Post-switch,Auditory
5322,2,1,Aud,SPANISH,51.8,48.2,0.751010101,3,Post-switch,Auditory
5328,2,1,Aud,SPANISH,57.7,42.3,0.977011494,3,Post-switch,Auditory
5331,1,2,Aud,BASQUE,91,9,,3,Post-switch,Auditory
5339,1,1,Vis,BASQUE,100,,0.621270947,3,Post-switch,Auditory
5345,1,1,Vis,BASQUE,100,,0.816861903,3,Post-switch,Auditory
5359,1,1,Vis,BASQUE,91.6,8.4,0.718903569,3,Post-switch,Auditory
5360,2,2,Aud,BASQUE,51.5,48.5,0.558822446,3,Post-switch,Auditory
5365,2,1,Aud,SPANISH,68.7,31.3,0.85211812,3,Post-switch,Auditory
5369,1,1,Vis,BASQUE,100,,0.861988012,3,Post-switch,Auditory
5371,1,2,Aud,BASQUE,99.1,0.9,1,3,Post-switch,Auditory
5372,1,2,Aud,BASQUE,99.3,0.7,0.834416819,3,Post-switch,Auditory
5373,1,1,Vis,SPANISH,98.2,1.8,0.583870945,3,Post-switch,Auditory
5376,1,1,Aud,BASQUE,95.7,4.3,0.811722387,3,Post-switch,Auditory
5381,1,1,Vis,BASQUE,97.5,2.5,0.930263158,3,Post-switch,Auditory
5387,1,1,Aud,SPANISH,97,3,0.927295918,3,Post-switch,Auditory
5390,2,2,Aud,BASQUE,60.4,39.6,0.83248731,3,Post-switch,Auditory
5401,2,1,Aud,BASQUE,62,38,0.996621622,3,Post-switch,Auditory
5406,2,2,Vis,SPANISH,67.7,32.3,0.833903686,3,Post-switch,Auditory
5409,2,2,Aud,SPANISH,52,48,0.808232101,3,Post-switch,Auditory
5410,1,1,Aud,BASQUE,97.6,2.4,0.5,3,Post-switch,Auditory
5411,1,1,Vis,BASQUE,90.2,9.8,0.959854015,3,Post-switch,Auditory
5413,2,2,Vis,SPANISH,74.7,25.3,0.921568756,3,Post-switch,Auditory
5416,1,1,Vis,BASQUE ,97.7,2.3,0.877023964,3,Post-switch,Auditory
5420,1,1,Aud,SPANISH,,,0.854555934,3,Post-switch,Auditory
5421,1,1,Vis,BASQUE,96,4,0.750968521,3,Post-switch,Auditory
5422,1,2,Aud,SPANISH,96.8,3.2,0.92679558,3,Post-switch,Auditory
5425,1,2,Vis,SPANISH,100,,0.62667929,3,Post-switch,Auditory
5430,1,1,Aud,BASQUE,100,,0.827988748,3,Post-switch,Auditory
5444,2,2,Aud,BASQUE,55.4,44.6,1,3,Post-switch,Auditory
5447,2,2,Vis,BASQUE,51.6,48.4,0.921296296,3,Post-switch,Auditory
5523,1,2,Vis,SPANISH,100,,1,3,Post-switch,Auditory
5527,2,2,Aud,SPANISH,63.5,36.5,0.950111289,3,Post-switch,Auditory
5532,1,1,Vis,BASQUE,96.7,3.3,0.992063492,3,Post-switch,Auditory
5533,2,2,Vis,SPANISH,68.2,31.8,0.91616387,3,Post-switch,Auditory
5536,1,1,Aud,SPANISH,100,,1,3,Post-switch,Auditory
5539,1,1,Aud,SPANISH,100,,0.944134078,3,Post-switch,Auditory
5541,1,1,Aud,BASQUE ,90.2,9.8,0.326666667,3,Post-switch,Auditory
5542,2,2,Vis,BASQUE ,55.7,44.3,0.914267443,3,Post-switch,Auditory
5553,2,2,Aud,SPANISH,63.9,36.1,0.944099379,3,Post-switch,Auditory
5555,2,2,Vis,BASQUE,66.2,33.8,,3,Post-switch,Auditory
5563,2,2,Aud,SPANISH,51.1,48.9,0.962264151,3,Post-switch,Auditory
5566,2,2,Vis,SPANISH,56.5,43.5,0.740913901,3,Post-switch,Auditory
5571,2,1,Vis,SPANISH,71,29,0.588014981,3,Post-switch,Auditory
5572,2,1,Aud,SPANISH,56.5,43.5,,3,Post-switch,Auditory
5578,2,2,Aud,SPANISH,71.6,28.4,0.775352206,3,Post-switch,Auditory
5587,1,2,Vis,SPANISH,96.5,3.5,,3,Post-switch,Auditory
5588,1,2,Aud,BASQUE,91,9,0.951149425,3,Post-switch,Auditory
5592,1,1,Aud,SPANISH,96.2,3.8,0.905616472,3,Post-switch,Auditory
5593,2,2,Aud,BASQUE,56.7,43.3,0.770349096,3,Post-switch,Auditory
5596,2,2,Aud,SPANISH,57.5,42.5,0.992924528,3,Post-switch,Auditory
5598,2,1,Aud,SPANISH ,74.3,25.7,0.960528855,3,Post-switch,Auditory
5600,1,1,Aud,BASQUE,97.6,2.4,0.878993408,3,Post-switch,Auditory
5604,1,2,Vis,BASQUE,100,,,3,Post-switch,Auditory
5605,2,2,Vis,BASQUE ,50.4,49.6,1,3,Post-switch,Auditory
5611,1,1,Vis,BASQUE,94.8,4.2,0.898734177,3,Post-switch,Auditory
5620,2,1,Vis,SPANISH,73.3,26.7,0.940663176,3,Post-switch,Auditory
5629,2,2,Vis,SPANISH,54.3,45.7,0.939356144,3,Post-switch,Auditory
5563b,2,2,Aud,BASQUE,64.5,35.5,1,3,Post-switch,Auditory
5235,2,1,Aud,BASQUE,55.6,44.4,0.806962025,1,Pre-switch,Visual
5239,1,2,Aud,BASQUE,100,,0.777777778,1,Pre-switch,Visual
5244,1,1,Aud,SPANISH  ,99.6,0.4,0.922535211,1,Pre-switch,Visual
5257,2,1,Aud,BASQUE,51.1,48.9,0.948113208,1,Pre-switch,Visual
5269,2,2,Vis,BASQUE,51.8,48.2,0,1,Pre-switch,Visual
5270,1,2,Vis,BASQUE,100,,1,1,Pre-switch,Visual
5278,1,1,Vis,SPANISH,100,,1,1,Pre-switch,Visual
5298,1,2,Aud,BASQUE,94.3,5.7,1,1,Pre-switch,Visual
5300,1,1,Aud,SPANISH ,93.5,6.5,0.863372093,1,Pre-switch,Visual
5303,2,2,Vis,SPANISH,64.4,35.6,0.585470085,1,Pre-switch,Visual
5304,2,2,Vis,BASQUE,54,46,,1,Pre-switch,Visual
5309,1,1,Vis,BASQUE,99.7,0.3,0.911616162,1,Pre-switch,Visual
5314,2,1,Vis,SPANISH,62.9,37.1,0.68315037,1,Pre-switch,Visual
5316,1,1,Vis,SPANISH,90.5,9.5,0.75,1,Pre-switch,Visual
5317,1,2,Aud,SPANISH,100,,0.654751499,1,Pre-switch,Visual
5322,2,1,Aud,SPANISH,51.8,48.2,,1,Pre-switch,Visual
5328,2,1,Aud,SPANISH,57.7,42.3,0.705555556,1,Pre-switch,Visual
5331,1,2,Aud,BASQUE,91,9,0.901639344,1,Pre-switch,Visual
5339,1,1,Vis,BASQUE,100,,0.78313253,1,Pre-switch,Visual
5345,1,1,Vis,BASQUE,100,,1,1,Pre-switch,Visual
5359,1,1,Vis,BASQUE,91.6,8.4,0.787591912,1,Pre-switch,Visual
5360,2,2,Aud,BASQUE,51.5,48.5,0.047180574,1,Pre-switch,Visual
5365,2,1,Aud,SPANISH,68.7,31.3,0.299682035,1,Pre-switch,Visual
5369,1,1,Vis,BASQUE,100,,0.271809595,1,Pre-switch,Visual
5371,1,2,Aud,BASQUE,99.1,0.9,0.851804124,1,Pre-switch,Visual
5372,1,2,Aud,BASQUE,99.3,0.7,0.841911765,1,Pre-switch,Visual
5373,1,1,Vis,SPANISH,98.2,1.8,0.75,1,Pre-switch,Visual
5376,1,1,Aud,BASQUE,95.7,4.3,0.733108108,1,Pre-switch,Visual
5381,1,1,Vis,BASQUE,97.5,2.5,0.44407358,1,Pre-switch,Visual
5387,1,1,Aud,SPANISH,97,3,0.361843775,1,Pre-switch,Visual
5390,2,2,Aud,BASQUE,60.4,39.6,0.87704918,1,Pre-switch,Visual
5401,2,1,Aud,BASQUE,62,38,0.681372549,1,Pre-switch,Visual
5406,2,2,Vis,SPANISH,67.7,32.3,0.615881422,1,Pre-switch,Visual
5409,2,2,Aud,SPANISH,52,48,0.75,1,Pre-switch,Visual
5410,1,1,Aud,BASQUE,97.6,2.4,0.422478722,1,Pre-switch,Visual
5411,1,1,Vis,BASQUE,90.2,9.8,0.43081761,1,Pre-switch,Visual
5413,2,2,Vis,SPANISH,74.7,25.3,0.639909318,1,Pre-switch,Visual
5416,1,1,Vis,BASQUE ,97.7,2.3,0.905,1,Pre-switch,Visual
5420,1,1,Aud,SPANISH,,,0.531818182,1,Pre-switch,Visual
5421,1,1,Vis,BASQUE,96,4,0.462373737,1,Pre-switch,Visual
5422,1,2,Aud,SPANISH,96.8,3.2,0.391208791,1,Pre-switch,Visual
5425,1,2,Vis,SPANISH,100,,0.578711952,1,Pre-switch,Visual
5430,1,1,Aud,BASQUE,100,,0.571052632,1,Pre-switch,Visual
5444,2,2,Aud,BASQUE,55.4,44.6,1,1,Pre-switch,Visual
5447,2,2,Vis,BASQUE,51.6,48.4,0.980761296,1,Pre-switch,Visual
5523,1,2,Vis,SPANISH,100,,0.432236842,1,Pre-switch,Visual
5527,2,2,Aud,SPANISH,63.5,36.5,0.881578947,1,Pre-switch,Visual
5532,1,1,Vis,BASQUE,96.7,3.3,0.279893915,1,Pre-switch,Visual
5533,2,2,Vis,SPANISH,68.2,31.8,0.590808528,1,Pre-switch,Visual
5536,1,1,Aud,SPANISH,100,,0.764705882,1,Pre-switch,Visual
5539,1,1,Aud,SPANISH,100,,0.613583652,1,Pre-switch,Visual
5541,1,1,Aud,BASQUE ,90.2,9.8,0.25,1,Pre-switch,Visual
5542,2,2,Vis,BASQUE ,55.7,44.3,0.452631579,1,Pre-switch,Visual
5553,2,2,Aud,SPANISH,63.9,36.1,,1,Pre-switch,Visual
5555,2,2,Vis,BASQUE,66.2,33.8,0.548868778,1,Pre-switch,Visual
5563,2,2,Aud,SPANISH,51.1,48.9,0.75,1,Pre-switch,Visual
5566,2,2,Vis,SPANISH,56.5,43.5,1,1,Pre-switch,Visual
5571,2,1,Vis,SPANISH,71,29,0.278050711,1,Pre-switch,Visual
5572,2,1,Aud,SPANISH,56.5,43.5,0.399892506,1,Pre-switch,Visual
5578,2,2,Aud,SPANISH,71.6,28.4,0.542253521,1,Pre-switch,Visual
5587,1,2,Vis,SPANISH,96.5,3.5,0.25,1,Pre-switch,Visual
5588,1,2,Aud,BASQUE,91,9,0.848958333,1,Pre-switch,Visual
5592,1,1,Aud,SPANISH,96.2,3.8,0.194893617,1,Pre-switch,Visual
5593,2,2,Aud,BASQUE,56.7,43.3,0.789719626,1,Pre-switch,Visual
5596,2,2,Aud,SPANISH,57.5,42.5,,1,Pre-switch,Visual
5597,1,1,Aud,SPANISH,100,,0.144397463,1,Pre-switch,Visual
5598,2,1,Aud,SPANISH ,74.3,25.7,0.492063492,1,Pre-switch,Visual
5600,1,1,Aud,BASQUE,97.6,2.4,0.603174603,1,Pre-switch,Visual
5604,1,2,Vis,BASQUE,100,,0.666666667,1,Pre-switch,Visual
5605,2,2,Vis,BASQUE ,50.4,49.6,0.607147436,1,Pre-switch,Visual
5611,1,1,Vis,BASQUE,94.8,4.2,1,1,Pre-switch,Visual
5620,2,1,Vis,SPANISH,73.3,26.7,0.997311828,1,Pre-switch,Visual
5629,2,2,Vis,SPANISH,54.3,45.7,0.388035688,1,Pre-switch,Visual
5563b,2,2,Aud,BASQUE,64.5,35.5,0.254114549,1,Pre-switch,Visual
5235,2,1,Aud,BASQUE,55.6,44.4,0.698888889,2,Pre-switch,Visual
5239,1,2,Aud,BASQUE,100,,0.980769231,2,Pre-switch,Visual
5244,1,1,Aud,SPANISH  ,99.6,0.4,0.894308943,2,Pre-switch,Visual
5257,2,1,Aud,BASQUE,51.1,48.9,0.852272727,2,Pre-switch,Visual
5269,2,2,Vis,BASQUE,51.8,48.2,0.666666667,2,Pre-switch,Visual
5270,1,2,Vis,BASQUE,100,,1,2,Pre-switch,Visual
5278,1,1,Vis,SPANISH,100,,0.333333333,2,Pre-switch,Visual
5298,1,2,Aud,BASQUE,94.3,5.7,0.797297297,2,Pre-switch,Visual
5300,1,1,Aud,SPANISH ,93.5,6.5,1,2,Pre-switch,Visual
5303,2,2,Vis,SPANISH,64.4,35.6,0.81959707,2,Pre-switch,Visual
5304,2,2,Vis,BASQUE,54,46,,2,Pre-switch,Visual
5309,1,1,Vis,BASQUE,99.7,0.3,0.681616833,2,Pre-switch,Visual
5314,2,1,Vis,SPANISH,62.9,37.1,0,2,Pre-switch,Visual
5316,1,1,Vis,SPANISH,90.5,9.5,0.816978193,2,Pre-switch,Visual
5317,1,2,Aud,SPANISH,100,,0.710996564,2,Pre-switch,Visual
5322,2,1,Aud,SPANISH,51.8,48.2,,2,Pre-switch,Visual
5328,2,1,Aud,SPANISH,57.7,42.3,0.9375,2,Pre-switch,Visual
5331,1,2,Aud,BASQUE,91,9,0.646341463,2,Pre-switch,Visual
5339,1,1,Vis,BASQUE,100,,0.95,2,Pre-switch,Visual
5345,1,1,Vis,BASQUE,100,,1,2,Pre-switch,Visual
5359,1,1,Vis,BASQUE,91.6,8.4,1,2,Pre-switch,Visual
5360,2,2,Aud,BASQUE,51.5,48.5,1,2,Pre-switch,Visual
5365,2,1,Aud,SPANISH,68.7,31.3,0.642857143,2,Pre-switch,Visual
5369,1,1,Vis,BASQUE,100,,0.265858209,2,Pre-switch,Visual
5371,1,2,Aud,BASQUE,99.1,0.9,0.879441624,2,Pre-switch,Visual
5372,1,2,Aud,BASQUE,99.3,0.7,0.950704225,2,Pre-switch,Visual
5373,1,1,Vis,SPANISH,98.2,1.8,0.816666667,2,Pre-switch,Visual
5376,1,1,Aud,BASQUE,95.7,4.3,0.327102804,2,Pre-switch,Visual
5381,1,1,Vis,BASQUE,97.5,2.5,0.892857143,2,Pre-switch,Visual
5387,1,1,Aud,SPANISH,97,3,0.522673658,2,Pre-switch,Visual
5390,2,2,Aud,BASQUE,60.4,39.6,1,2,Pre-switch,Visual
5401,2,1,Aud,BASQUE,62,38,0.755291005,2,Pre-switch,Visual
5406,2,2,Vis,SPANISH,67.7,32.3,0.75,2,Pre-switch,Visual
5409,2,2,Aud,SPANISH,52,48,0.652423469,2,Pre-switch,Visual
5410,1,1,Aud,BASQUE,97.6,2.4,0.750713735,2,Pre-switch,Visual
5411,1,1,Vis,BASQUE,90.2,9.8,0.377017842,2,Pre-switch,Visual
5413,2,2,Vis,SPANISH,74.7,25.3,0.440033784,2,Pre-switch,Visual
5416,1,1,Vis,BASQUE ,97.7,2.3,0.848272506,2,Pre-switch,Visual
5420,1,1,Aud,SPANISH,,,0.680272109,2,Pre-switch,Visual
5421,1,1,Vis,BASQUE,96,4,0.787735849,2,Pre-switch,Visual
5422,1,2,Aud,SPANISH,96.8,3.2,0.526092303,2,Pre-switch,Visual
5425,1,2,Vis,SPANISH,100,,0.880769231,2,Pre-switch,Visual
5430,1,1,Aud,BASQUE,100,,0.923553719,2,Pre-switch,Visual
5444,2,2,Aud,BASQUE,55.4,44.6,1,2,Pre-switch,Visual
5447,2,2,Vis,BASQUE,51.6,48.4,0.956896552,2,Pre-switch,Visual
5523,1,2,Vis,SPANISH,100,,0.666666667,2,Pre-switch,Visual
5527,2,2,Aud,SPANISH,63.5,36.5,0.558922559,2,Pre-switch,Visual
5532,1,1,Vis,BASQUE,96.7,3.3,0.892857143,2,Pre-switch,Visual
5533,2,2,Vis,SPANISH,68.2,31.8,0.547360396,2,Pre-switch,Visual
5536,1,1,Aud,SPANISH,100,,0.221102151,2,Pre-switch,Visual
5539,1,1,Aud,SPANISH,100,,0.764925373,2,Pre-switch,Visual
5541,1,1,Aud,BASQUE ,90.2,9.8,0.518849206,2,Pre-switch,Visual
5542,2,2,Vis,BASQUE ,55.7,44.3,1,2,Pre-switch,Visual
5553,2,2,Aud,SPANISH,63.9,36.1,,2,Pre-switch,Visual
5555,2,2,Vis,BASQUE,66.2,33.8,1,2,Pre-switch,Visual
5563,2,2,Aud,SPANISH,51.1,48.9,0.381578947,2,Pre-switch,Visual
5566,2,2,Vis,SPANISH,56.5,43.5,1,2,Pre-switch,Visual
5571,2,1,Vis,SPANISH,71,29,0.39958914,2,Pre-switch,Visual
5572,2,1,Aud,SPANISH,56.5,43.5,1,2,Pre-switch,Visual
5578,2,2,Aud,SPANISH,71.6,28.4,0.757352941,2,Pre-switch,Visual
5587,1,2,Vis,SPANISH,96.5,3.5,0.099151235,2,Pre-switch,Visual
5588,1,2,Aud,BASQUE,91,9,0.679336043,2,Pre-switch,Visual
5592,1,1,Aud,SPANISH,96.2,3.8,0.363705687,2,Pre-switch,Visual
5593,2,2,Aud,BASQUE,56.7,43.3,0.220238095,2,Pre-switch,Visual
5596,2,2,Aud,SPANISH,57.5,42.5,,2,Pre-switch,Visual
5597,1,1,Aud,SPANISH,100,,0.374959297,2,Pre-switch,Visual
5598,2,1,Aud,SPANISH ,74.3,25.7,0.725409836,2,Pre-switch,Visual
5600,1,1,Aud,BASQUE,97.6,2.4,0.982142857,2,Pre-switch,Visual
5604,1,2,Vis,BASQUE,100,,0.666666667,2,Pre-switch,Visual
5605,2,2,Vis,BASQUE ,50.4,49.6,0.860655738,2,Pre-switch,Visual
5611,1,1,Vis,BASQUE,94.8,4.2,1,2,Pre-switch,Visual
5620,2,1,Vis,SPANISH,73.3,26.7,0.8828125,2,Pre-switch,Visual
5629,2,2,Vis,SPANISH,54.3,45.7,0.293102962,2,Pre-switch,Visual
5563b,2,2,Aud,BASQUE,64.5,35.5,0.338461538,2,Pre-switch,Visual
5235,2,1,Aud,BASQUE,55.6,44.4,0.754305396,3,Pre-switch,Visual
5239,1,2,Aud,BASQUE,100,,0.906504065,3,Pre-switch,Visual
5244,1,1,Aud,SPANISH  ,99.6,0.4,0.867768595,3,Pre-switch,Visual
5257,2,1,Aud,BASQUE,51.1,48.9,1,3,Pre-switch,Visual
5269,2,2,Vis,BASQUE,51.8,48.2,0.885416667,3,Pre-switch,Visual
5270,1,2,Vis,BASQUE,100,,1,3,Pre-switch,Visual
5278,1,1,Vis,SPANISH,100,,0.114583333,3,Pre-switch,Visual
5298,1,2,Aud,BASQUE,94.3,5.7,0.771578467,3,Pre-switch,Visual
5300,1,1,Aud,SPANISH ,93.5,6.5,0.984693878,3,Pre-switch,Visual
5303,2,2,Vis,SPANISH,64.4,35.6,0.971155261,3,Pre-switch,Visual
5304,2,2,Vis,BASQUE,54,46,,3,Pre-switch,Visual
5309,1,1,Vis,BASQUE,99.7,0.3,0.598611111,3,Pre-switch,Visual
5314,2,1,Vis,SPANISH,62.9,37.1,0.375,3,Pre-switch,Visual
5316,1,1,Vis,SPANISH,90.5,9.5,0.984496124,3,Pre-switch,Visual
5317,1,2,Aud,SPANISH,100,,0.893333333,3,Pre-switch,Visual
5322,2,1,Aud,SPANISH,51.8,48.2,,3,Pre-switch,Visual
5328,2,1,Aud,SPANISH,57.7,42.3,0.746433424,3,Pre-switch,Visual
5331,1,2,Aud,BASQUE,91,9,0.775590551,3,Pre-switch,Visual
5339,1,1,Vis,BASQUE,100,,0.70739726,3,Pre-switch,Visual
5345,1,1,Vis,BASQUE,100,,0.734095269,3,Pre-switch,Visual
5359,1,1,Vis,BASQUE,91.6,8.4,0.928125,3,Pre-switch,Visual
5360,2,2,Aud,BASQUE,51.5,48.5,0.668809719,3,Pre-switch,Visual
5365,2,1,Aud,SPANISH,68.7,31.3,0.4225,3,Pre-switch,Visual
5369,1,1,Vis,BASQUE,100,,0.426450742,3,Pre-switch,Visual
5371,1,2,Aud,BASQUE,99.1,0.9,1,3,Pre-switch,Visual
5372,1,2,Aud,BASQUE,99.3,0.7,0.997890295,3,Pre-switch,Visual
5373,1,1,Vis,SPANISH,98.2,1.8,0.357638889,3,Pre-switch,Visual
5376,1,1,Aud,BASQUE,95.7,4.3,0.75,3,Pre-switch,Visual
5381,1,1,Vis,BASQUE,97.5,2.5,0.788488701,3,Pre-switch,Visual
5387,1,1,Aud,SPANISH,97,3,0.714285714,3,Pre-switch,Visual
5390,2,2,Aud,BASQUE,60.4,39.6,1,3,Pre-switch,Visual
5401,2,1,Aud,BASQUE,62,38,0.843137255,3,Pre-switch,Visual
5406,2,2,Vis,SPANISH,67.7,32.3,0.75,3,Pre-switch,Visual
5409,2,2,Aud,SPANISH,52,48,1,3,Pre-switch,Visual
5410,1,1,Aud,BASQUE,97.6,2.4,0.846153846,3,Pre-switch,Visual
5411,1,1,Vis,BASQUE,90.2,9.8,1,3,Pre-switch,Visual
5413,2,2,Vis,SPANISH,74.7,25.3,0.616117699,3,Pre-switch,Visual
5416,1,1,Vis,BASQUE ,97.7,2.3,0.894117647,3,Pre-switch,Visual
5420,1,1,Aud,SPANISH,,,0.891304348,3,Pre-switch,Visual
5421,1,1,Vis,BASQUE,96,4,0.386363636,3,Pre-switch,Visual
5422,1,2,Aud,SPANISH,96.8,3.2,0.911111111,3,Pre-switch,Visual
5425,1,2,Vis,SPANISH,100,,1,3,Pre-switch,Visual
5430,1,1,Aud,BASQUE,100,,1,3,Pre-switch,Visual
5444,2,2,Aud,BASQUE,55.4,44.6,0.715,3,Pre-switch,Visual
5447,2,2,Vis,BASQUE,51.6,48.4,0.313333333,3,Pre-switch,Visual
5523,1,2,Vis,SPANISH,100,,1,3,Pre-switch,Visual
5527,2,2,Aud,SPANISH,63.5,36.5,0.820754717,3,Pre-switch,Visual
5532,1,1,Vis,BASQUE,96.7,3.3,0.990990991,3,Pre-switch,Visual
5533,2,2,Vis,SPANISH,68.2,31.8,0.666666667,3,Pre-switch,Visual
5536,1,1,Aud,SPANISH,100,,1,3,Pre-switch,Visual
5539,1,1,Aud,SPANISH,100,,0.892857143,3,Pre-switch,Visual
5541,1,1,Aud,BASQUE ,90.2,9.8,0.666666667,3,Pre-switch,Visual
5542,2,2,Vis,BASQUE ,55.7,44.3,0.333333333,3,Pre-switch,Visual
5553,2,2,Aud,SPANISH,63.9,36.1,,3,Pre-switch,Visual
5555,2,2,Vis,BASQUE,66.2,33.8,0.842783505,3,Pre-switch,Visual
5563,2,2,Aud,SPANISH,51.1,48.9,0.394871795,3,Pre-switch,Visual
5566,2,2,Vis,SPANISH,56.5,43.5,0.90990991,3,Pre-switch,Visual
5571,2,1,Vis,SPANISH,71,29,0.661246612,3,Pre-switch,Visual
5572,2,1,Aud,SPANISH,56.5,43.5,0.410958904,3,Pre-switch,Visual
5578,2,2,Aud,SPANISH,71.6,28.4,0.5,3,Pre-switch,Visual
5587,1,2,Vis,SPANISH,96.5,3.5,,3,Pre-switch,Visual
5588,1,2,Aud,BASQUE,91,9,1,3,Pre-switch,Visual
5592,1,1,Aud,SPANISH,96.2,3.8,0.319444444,3,Pre-switch,Visual
5593,2,2,Aud,BASQUE,56.7,43.3,0.492537313,3,Pre-switch,Visual
5596,2,2,Aud,SPANISH,57.5,42.5,,3,Pre-switch,Visual
5597,1,1,Aud,SPANISH,100,,0.362110312,3,Pre-switch,Visual
5598,2,1,Aud,SPANISH ,74.3,25.7,0.490384615,3,Pre-switch,Visual
5600,1,1,Aud,BASQUE,97.6,2.4,0.649825297,3,Pre-switch,Visual
5604,1,2,Vis,BASQUE,100,,0.91796875,3,Pre-switch,Visual
5605,2,2,Vis,BASQUE ,50.4,49.6,0.628305953,3,Pre-switch,Visual
5611,1,1,Vis,BASQUE,94.8,4.2,1,3,Pre-switch,Visual
5620,2,1,Vis,SPANISH,73.3,26.7,0.973958333,3,Pre-switch,Visual
5629,2,2,Vis,SPANISH,54.3,45.7,0.661965812,3,Pre-switch,Visual
5563b,2,2,Aud,BASQUE,64.5,35.5,0.873015873,3,Pre-switch,Visual
5235,2,1,Aud,BASQUE,55.6,44.4,0.549992572,1,Post-switch,Visual
5239,1,2,Aud,BASQUE,100,,0.5,1,Post-switch,Visual
5244,1,1,Aud,SPANISH  ,99.6,0.4,0.639705882,1,Post-switch,Visual
5257,2,1,Aud,BASQUE,51.1,48.9,0.43811406,1,Post-switch,Visual
5269,2,2,Vis,BASQUE,51.8,48.2,0.230263158,1,Post-switch,Visual
5270,1,2,Vis,BASQUE,100,,0.444685829,1,Post-switch,Visual
5278,1,1,Vis,SPANISH,100,,0.769736842,1,Post-switch,Visual
5298,1,2,Aud,BASQUE,94.3,5.7,0.718137255,1,Post-switch,Visual
5300,1,1,Aud,SPANISH ,93.5,6.5,0.25,1,Post-switch,Visual
5303,2,2,Vis,SPANISH,64.4,35.6,0.554946524,1,Post-switch,Visual
5304,2,2,Vis,BASQUE,54,46,,1,Post-switch,Visual
5309,1,1,Vis,BASQUE,99.7,0.3,0.933333333,1,Post-switch,Visual
5314,2,1,Vis,SPANISH,62.9,37.1,0.549813929,1,Post-switch,Visual
5316,1,1,Vis,SPANISH,90.5,9.5,0.095364583,1,Post-switch,Visual
5317,1,2,Aud,SPANISH,100,,0.199468079,1,Post-switch,Visual
5322,2,1,Aud,SPANISH,51.8,48.2,,1,Post-switch,Visual
5328,2,1,Aud,SPANISH,57.7,42.3,0.389063959,1,Post-switch,Visual
5331,1,2,Aud,BASQUE,91,9,0.057017544,1,Post-switch,Visual
5339,1,1,Vis,BASQUE,100,,0.538072562,1,Post-switch,Visual
5345,1,1,Vis,BASQUE,100,,0.066037736,1,Post-switch,Visual
5359,1,1,Vis,BASQUE,91.6,8.4,0.156784834,1,Post-switch,Visual
5360,2,2,Aud,BASQUE,51.5,48.5,0.960526316,1,Post-switch,Visual
5365,2,1,Aud,SPANISH,68.7,31.3,0.4889473,1,Post-switch,Visual
5369,1,1,Vis,BASQUE,100,,0.55952381,1,Post-switch,Visual
5371,1,2,Aud,BASQUE,99.1,0.9,0.353135314,1,Post-switch,Visual
5372,1,2,Aud,BASQUE,99.3,0.7,0.112972305,1,Post-switch,Visual
5373,1,1,Vis,SPANISH,98.2,1.8,0.756879941,1,Post-switch,Visual
5376,1,1,Aud,BASQUE,95.7,4.3,0.733333333,1,Post-switch,Visual
5381,1,1,Vis,BASQUE,97.5,2.5,0.172764228,1,Post-switch,Visual
5387,1,1,Aud,SPANISH,97,3,0.52791055,1,Post-switch,Visual
5390,2,2,Aud,BASQUE,60.4,39.6,0.338671374,1,Post-switch,Visual
5401,2,1,Aud,BASQUE,62,38,0.373528257,1,Post-switch,Visual
5406,2,2,Vis,SPANISH,67.7,32.3,0.223101266,1,Post-switch,Visual
5409,2,2,Aud,SPANISH,52,48,0.797752809,1,Post-switch,Visual
5410,1,1,Aud,BASQUE,97.6,2.4,0.390625,1,Post-switch,Visual
5411,1,1,Vis,BASQUE,90.2,9.8,0.56711146,1,Post-switch,Visual
5413,2,2,Vis,SPANISH,74.7,25.3,0.83974359,1,Post-switch,Visual
5416,1,1,Vis,BASQUE ,97.7,2.3,0.160086623,1,Post-switch,Visual
5420,1,1,Aud,SPANISH,,,0.211764706,1,Post-switch,Visual
5421,1,1,Vis,BASQUE,96,4,0.273376623,1,Post-switch,Visual
5422,1,2,Aud,SPANISH,96.8,3.2,0.699234694,1,Post-switch,Visual
5425,1,2,Vis,SPANISH,100,,0.64280755,1,Post-switch,Visual
5430,1,1,Aud,BASQUE,100,,0.118868137,1,Post-switch,Visual
5444,2,2,Aud,BASQUE,55.4,44.6,1,1,Post-switch,Visual
5447,2,2,Vis,BASQUE,51.6,48.4,0,1,Post-switch,Visual
5523,1,2,Vis,SPANISH,100,,0.395927442,1,Post-switch,Visual
5527,2,2,Aud,SPANISH,63.5,36.5,0.294117647,1,Post-switch,Visual
5532,1,1,Vis,BASQUE,96.7,3.3,0.384223919,1,Post-switch,Visual
5533,2,2,Vis,SPANISH,68.2,31.8,0.057692308,1,Post-switch,Visual
5536,1,1,Aud,SPANISH,100,,0.55982906,1,Post-switch,Visual
5539,1,1,Aud,SPANISH,100,,0.504484336,1,Post-switch,Visual
5541,1,1,Aud,BASQUE ,90.2,9.8,0.473684211,1,Post-switch,Visual
5542,2,2,Vis,BASQUE ,55.7,44.3,0.679487179,1,Post-switch,Visual
5553,2,2,Aud,SPANISH,63.9,36.1,,1,Post-switch,Visual
5555,2,2,Vis,BASQUE,66.2,33.8,0.076923077,1,Post-switch,Visual
5563,2,2,Aud,SPANISH,51.1,48.9,1,1,Post-switch,Visual
5566,2,2,Vis,SPANISH,56.5,43.5,0.185154295,1,Post-switch,Visual
5571,2,1,Vis,SPANISH,71,29,0.814465409,1,Post-switch,Visual
5572,2,1,Aud,SPANISH,56.5,43.5,1,1,Post-switch,Visual
5578,2,2,Aud,SPANISH,71.6,28.4,0.025252525,1,Post-switch,Visual
5587,1,2,Vis,SPANISH,96.5,3.5,0.75,1,Post-switch,Visual
5588,1,2,Aud,BASQUE,91,9,0.322140428,1,Post-switch,Visual
5592,1,1,Aud,SPANISH,96.2,3.8,0.626229508,1,Post-switch,Visual
5593,2,2,Aud,BASQUE,56.7,43.3,0.761627907,1,Post-switch,Visual
5596,2,2,Aud,SPANISH,57.5,42.5,,1,Post-switch,Visual
5597,1,1,Aud,SPANISH,100,,0.866666667,1,Post-switch,Visual
5598,2,1,Aud,SPANISH ,74.3,25.7,0.118055556,1,Post-switch,Visual
5600,1,1,Aud,BASQUE,97.6,2.4,0.055555556,1,Post-switch,Visual
5604,1,2,Vis,BASQUE,100,,0.272727273,1,Post-switch,Visual
5605,2,2,Vis,BASQUE ,50.4,49.6,0.666666667,1,Post-switch,Visual
5611,1,1,Vis,BASQUE,94.8,4.2,0.119774181,1,Post-switch,Visual
5620,2,1,Vis,SPANISH,73.3,26.7,0.316900573,1,Post-switch,Visual
5629,2,2,Vis,SPANISH,54.3,45.7,1,1,Post-switch,Visual
5563b,2,2,Aud,BASQUE,64.5,35.5,0.348148148,1,Post-switch,Visual
5235,2,1,Aud,BASQUE,55.6,44.4,0.648148148,2,Post-switch,Visual
5239,1,2,Aud,BASQUE,100,,1,2,Post-switch,Visual
5244,1,1,Aud,SPANISH  ,99.6,0.4,0.1523705,2,Post-switch,Visual
5257,2,1,Aud,BASQUE,51.1,48.9,0.580208868,2,Post-switch,Visual
5269,2,2,Vis,BASQUE,51.8,48.2,0.384615385,2,Post-switch,Visual
5270,1,2,Vis,BASQUE,100,,0.599532686,2,Post-switch,Visual
5278,1,1,Vis,SPANISH,100,,0.615384615,2,Post-switch,Visual
5298,1,2,Aud,BASQUE,94.3,5.7,0.457854406,2,Post-switch,Visual
5300,1,1,Aud,SPANISH ,93.5,6.5,0.242872807,2,Post-switch,Visual
5303,2,2,Vis,SPANISH,64.4,35.6,0.517156863,2,Post-switch,Visual
5304,2,2,Vis,BASQUE,54,46,,2,Post-switch,Visual
5309,1,1,Vis,BASQUE,99.7,0.3,0.178861789,2,Post-switch,Visual
5314,2,1,Vis,SPANISH,62.9,37.1,0.159090909,2,Post-switch,Visual
5316,1,1,Vis,SPANISH,90.5,9.5,0.795608108,2,Post-switch,Visual
5317,1,2,Aud,SPANISH,100,,0.190883191,2,Post-switch,Visual
5322,2,1,Aud,SPANISH,51.8,48.2,,2,Post-switch,Visual
5328,2,1,Aud,SPANISH,57.7,42.3,0.710906402,2,Post-switch,Visual
5331,1,2,Aud,BASQUE,91,9,0.209737828,2,Post-switch,Visual
5339,1,1,Vis,BASQUE,100,,0.591503268,2,Post-switch,Visual
5345,1,1,Vis,BASQUE,100,,0.680851064,2,Post-switch,Visual
5359,1,1,Vis,BASQUE,91.6,8.4,0.708715317,2,Post-switch,Visual
5360,2,2,Aud,BASQUE,51.5,48.5,0.935608251,2,Post-switch,Visual
5365,2,1,Aud,SPANISH,68.7,31.3,0.835344828,2,Post-switch,Visual
5369,1,1,Vis,BASQUE,100,,0.75,2,Post-switch,Visual
5371,1,2,Aud,BASQUE,99.1,0.9,0.427156732,2,Post-switch,Visual
5372,1,2,Aud,BASQUE,99.3,0.7,0.639763113,2,Post-switch,Visual
5373,1,1,Vis,SPANISH,98.2,1.8,0.32885514,2,Post-switch,Visual
5376,1,1,Aud,BASQUE,95.7,4.3,0.859820426,2,Post-switch,Visual
5381,1,1,Vis,BASQUE,97.5,2.5,0.665384615,2,Post-switch,Visual
5387,1,1,Aud,SPANISH,97,3,0.758333333,2,Post-switch,Visual
5390,2,2,Aud,BASQUE,60.4,39.6,0.323591033,2,Post-switch,Visual
5401,2,1,Aud,BASQUE,62,38,0.443304736,2,Post-switch,Visual
5406,2,2,Vis,SPANISH,67.7,32.3,0.808948805,2,Post-switch,Visual
5409,2,2,Aud,SPANISH,52,48,0.890449438,2,Post-switch,Visual
5410,1,1,Aud,BASQUE,97.6,2.4,0.682242991,2,Post-switch,Visual
5411,1,1,Vis,BASQUE,90.2,9.8,0.45751634,2,Post-switch,Visual
5413,2,2,Vis,SPANISH,74.7,25.3,0.90070922,2,Post-switch,Visual
5416,1,1,Vis,BASQUE ,97.7,2.3,0.575757576,2,Post-switch,Visual
5420,1,1,Aud,SPANISH,,,0.666666667,2,Post-switch,Visual
5421,1,1,Vis,BASQUE,96,4,0.736111111,2,Post-switch,Visual
5422,1,2,Aud,SPANISH,96.8,3.2,0.716919941,2,Post-switch,Visual
5425,1,2,Vis,SPANISH,100,,0.60961923,2,Post-switch,Visual
5430,1,1,Aud,BASQUE,100,,0.32749914,2,Post-switch,Visual
5444,2,2,Aud,BASQUE,55.4,44.6,1,2,Post-switch,Visual
5447,2,2,Vis,BASQUE,51.6,48.4,0.301470588,2,Post-switch,Visual
5523,1,2,Vis,SPANISH,100,,0.7578125,2,Post-switch,Visual
5527,2,2,Aud,SPANISH,63.5,36.5,0.234848485,2,Post-switch,Visual
5532,1,1,Vis,BASQUE,96.7,3.3,0.474805212,2,Post-switch,Visual
5533,2,2,Vis,SPANISH,68.2,31.8,0.802083333,2,Post-switch,Visual
5536,1,1,Aud,SPANISH,100,,0.870283019,2,Post-switch,Visual
5539,1,1,Aud,SPANISH,100,,0.335186245,2,Post-switch,Visual
5541,1,1,Aud,BASQUE ,90.2,9.8,0.177777778,2,Post-switch,Visual
5542,2,2,Vis,BASQUE ,55.7,44.3,0.832236842,2,Post-switch,Visual
5553,2,2,Aud,SPANISH,63.9,36.1,,2,Post-switch,Visual
5555,2,2,Vis,BASQUE,66.2,33.8,0.829411765,2,Post-switch,Visual
5563,2,2,Aud,SPANISH,51.1,48.9,0.548076923,2,Post-switch,Visual
5566,2,2,Vis,SPANISH,56.5,43.5,0.545454545,2,Post-switch,Visual
5571,2,1,Vis,SPANISH,71,29,0.890625,2,Post-switch,Visual
5572,2,1,Aud,SPANISH,56.5,43.5,0.666666667,2,Post-switch,Visual
5578,2,2,Aud,SPANISH,71.6,28.4,0.55859375,2,Post-switch,Visual
5587,1,2,Vis,SPANISH,96.5,3.5,0.64953271,2,Post-switch,Visual
5588,1,2,Aud,BASQUE,91,9,0.373706004,2,Post-switch,Visual
5592,1,1,Aud,SPANISH,96.2,3.8,1,2,Post-switch,Visual
5593,2,2,Aud,BASQUE,56.7,43.3,0.308411215,2,Post-switch,Visual
5596,2,2,Aud,SPANISH,57.5,42.5,,2,Post-switch,Visual
5597,1,1,Aud,SPANISH,100,,0.677902622,2,Post-switch,Visual
5598,2,1,Aud,SPANISH ,74.3,25.7,0.488405797,2,Post-switch,Visual
5600,1,1,Aud,BASQUE,97.6,2.4,0.973257419,2,Post-switch,Visual
5604,1,2,Vis,BASQUE,100,,0.079658606,2,Post-switch,Visual
5605,2,2,Vis,BASQUE ,50.4,49.6,1,2,Post-switch,Visual
5611,1,1,Vis,BASQUE,94.8,4.2,0.538194444,2,Post-switch,Visual
5620,2,1,Vis,SPANISH,73.3,26.7,0.488181818,2,Post-switch,Visual
5629,2,2,Vis,SPANISH,54.3,45.7,0.333333333,2,Post-switch,Visual
5563b,2,2,Aud,BASQUE,64.5,35.5,0.666666667,2,Post-switch,Visual
5235,2,1,Aud,BASQUE,55.6,44.4,1,3,Post-switch,Visual
5239,1,2,Aud,BASQUE,100,,0.839500559,3,Post-switch,Visual
5244,1,1,Aud,SPANISH  ,99.6,0.4,0.444675926,3,Post-switch,Visual
5257,2,1,Aud,BASQUE,51.1,48.9,0.668118045,3,Post-switch,Visual
5269,2,2,Vis,BASQUE,51.8,48.2,0.869047619,3,Post-switch,Visual
5270,1,2,Vis,BASQUE,100,,0.618834688,3,Post-switch,Visual
5278,1,1,Vis,SPANISH,100,,0.130952381,3,Post-switch,Visual
5298,1,2,Aud,BASQUE,94.3,5.7,1,3,Post-switch,Visual
5300,1,1,Aud,SPANISH ,93.5,6.5,0.206859317,3,Post-switch,Visual
5303,2,2,Vis,SPANISH,64.4,35.6,0.329071797,3,Post-switch,Visual
5304,2,2,Vis,BASQUE,54,46,,3,Post-switch,Visual
5309,1,1,Vis,BASQUE,99.7,0.3,0.583333333,3,Post-switch,Visual
5314,2,1,Vis,SPANISH,62.9,37.1,1,3,Post-switch,Visual
5316,1,1,Vis,SPANISH,90.5,9.5,0.832080201,3,Post-switch,Visual
5317,1,2,Aud,SPANISH,100,,0.814366972,3,Post-switch,Visual
5322,2,1,Aud,SPANISH,51.8,48.2,,3,Post-switch,Visual
5328,2,1,Aud,SPANISH,57.7,42.3,0.88961039,3,Post-switch,Visual
5331,1,2,Aud,BASQUE,91,9,0.482944951,3,Post-switch,Visual
5339,1,1,Vis,BASQUE,100,,0.553489271,3,Post-switch,Visual
5345,1,1,Vis,BASQUE,100,,0.730952381,3,Post-switch,Visual
5359,1,1,Vis,BASQUE,91.6,8.4,0.834005947,3,Post-switch,Visual
5360,2,2,Aud,BASQUE,51.5,48.5,1,3,Post-switch,Visual
5365,2,1,Aud,SPANISH,68.7,31.3,0.705128205,3,Post-switch,Visual
5369,1,1,Vis,BASQUE,100,,,3,Post-switch,Visual
5371,1,2,Aud,BASQUE,99.1,0.9,0.844642857,3,Post-switch,Visual
5372,1,2,Aud,BASQUE,99.3,0.7,0.206085331,3,Post-switch,Visual
5373,1,1,Vis,SPANISH,98.2,1.8,0.668272865,3,Post-switch,Visual
5376,1,1,Aud,BASQUE,95.7,4.3,0.358490566,3,Post-switch,Visual
5381,1,1,Vis,BASQUE,97.5,2.5,1,3,Post-switch,Visual
5387,1,1,Aud,SPANISH,97,3,0.551834621,3,Post-switch,Visual
5390,2,2,Aud,BASQUE,60.4,39.6,0.168421053,3,Post-switch,Visual
5401,2,1,Aud,BASQUE,62,38,1,3,Post-switch,Visual
5406,2,2,Vis,SPANISH,67.7,32.3,0.5,3,Post-switch,Visual
5409,2,2,Aud,SPANISH,52,48,1,3,Post-switch,Visual
5410,1,1,Aud,BASQUE,97.6,2.4,0.314952904,3,Post-switch,Visual
5411,1,1,Vis,BASQUE,90.2,9.8,0.292893617,3,Post-switch,Visual
5413,2,2,Vis,SPANISH,74.7,25.3,0.817606872,3,Post-switch,Visual
5416,1,1,Vis,BASQUE ,97.7,2.3,0.610533611,3,Post-switch,Visual
5420,1,1,Aud,SPANISH,,,0.630541872,3,Post-switch,Visual
5421,1,1,Vis,BASQUE,96,4,0.333333333,3,Post-switch,Visual
5422,1,2,Aud,SPANISH,96.8,3.2,1,3,Post-switch,Visual
5425,1,2,Vis,SPANISH,100,,0.285714286,3,Post-switch,Visual
5430,1,1,Aud,BASQUE,100,,0.608477011,3,Post-switch,Visual
5444,2,2,Aud,BASQUE,55.4,44.6,0.829879818,3,Post-switch,Visual
5447,2,2,Vis,BASQUE,51.6,48.4,0.350673195,3,Post-switch,Visual
5523,1,2,Vis,SPANISH,100,,0.589037608,3,Post-switch,Visual
5527,2,2,Aud,SPANISH,63.5,36.5,0.631313131,3,Post-switch,Visual
5532,1,1,Vis,BASQUE,96.7,3.3,0.45233181,3,Post-switch,Visual
5533,2,2,Vis,SPANISH,68.2,31.8,0.617470829,3,Post-switch,Visual
5536,1,1,Aud,SPANISH,100,,0.765376984,3,Post-switch,Visual
5539,1,1,Aud,SPANISH,100,,0.69617737,3,Post-switch,Visual
5541,1,1,Aud,BASQUE ,90.2,9.8,0.976190476,3,Post-switch,Visual
5542,2,2,Vis,BASQUE ,55.7,44.3,1,3,Post-switch,Visual
5553,2,2,Aud,SPANISH,63.9,36.1,,3,Post-switch,Visual
5555,2,2,Vis,BASQUE,66.2,33.8,0.47972973,3,Post-switch,Visual
5563,2,2,Aud,SPANISH,51.1,48.9,0.333333333,3,Post-switch,Visual
5566,2,2,Vis,SPANISH,56.5,43.5,0.769072123,3,Post-switch,Visual
5571,2,1,Vis,SPANISH,71,29,1,3,Post-switch,Visual
5572,2,1,Aud,SPANISH,56.5,43.5,0.413945255,3,Post-switch,Visual
5578,2,2,Aud,SPANISH,71.6,28.4,1,3,Post-switch,Visual
5587,1,2,Vis,SPANISH,96.5,3.5,0.505050505,3,Post-switch,Visual
5588,1,2,Aud,BASQUE,91,9,0.847833235,3,Post-switch,Visual
5592,1,1,Aud,SPANISH,96.2,3.8,0.716666667,3,Post-switch,Visual
5593,2,2,Aud,BASQUE,56.7,43.3,1,3,Post-switch,Visual
5596,2,2,Aud,SPANISH,57.5,42.5,,3,Post-switch,Visual
5597,1,1,Aud,SPANISH,100,,1,3,Post-switch,Visual
5598,2,1,Aud,SPANISH ,74.3,25.7,0.338960987,3,Post-switch,Visual
5600,1,1,Aud,BASQUE,97.6,2.4,0,3,Post-switch,Visual
5604,1,2,Vis,BASQUE,100,,1,3,Post-switch,Visual
5605,2,2,Vis,BASQUE ,50.4,49.6,0.804988739,3,Post-switch,Visual
5611,1,1,Vis,BASQUE,94.8,4.2,0.805084746,3,Post-switch,Visual
5620,2,1,Vis,SPANISH,73.3,26.7,0.090909091,3,Post-switch,Visual
5629,2,2,Vis,SPANISH,54.3,45.7,0.866666667,3,Post-switch,Visual
5563b,2,2,Aud,BASQUE,64.5,35.5,0.529069767,3,Post-switch,Visual